iteration,milestone,datasplit,mse
500,1,Train,0.022415271028876305
500,1,Validation,0.022242354229092598
1000,2,Train,0.0187655258923769
1000,2,Validation,0.018678102642297745
